{
  "v0_x_scale": 0.007843137718737125,
  "v0_y_scale": 0.0235294122248888,
  "v1_conv_0_x_scale": 0.0235294122248888,
  "v1_conv_0_y_scale": 0.0235294122248888,
  "v1_conv_1_x_scale": 0.0235294122248888,
  "v1_conv_1_y_scale": 0.07572069019079208,
  "v2_conv_0_x_scale": 0.07572069019079208,
  "v2_conv_0_y_scale": 0.0235294122248888,
  "v2_conv_1_x_scale": 0.0235294122248888,
  "v2_conv_1_y_scale": 0.0235294122248888,
  "v2_conv_2_x_scale": 0.0235294122248888,
  "v2_conv_2_y_scale": 0.05752182379364967,
  "v3_conv_0_x_scale": 0.05752182379364967,
  "v3_conv_0_y_scale": 0.0235294122248888,
  "v3_conv_1_x_scale": 0.0235294122248888,
  "v3_conv_1_y_scale": 0.0235294122248888,
  "v3_conv_2_x_scale": 0.0235294122248888,
  "v3_conv_2_y_scale": 0.1073618233203888,
  "v4_conv_0_x_scale": 0.10652235895395279,
  "v4_conv_0_y_scale": 0.0235294122248888,
  "v4_conv_1_x_scale": 0.0235294122248888,
  "v4_conv_1_y_scale": 0.0235294122248888,
  "v4_conv_2_x_scale": 0.0235294122248888,
  "v4_conv_2_y_scale": 0.04381648078560829,
  "v5_conv_0_x_scale": 0.04381648078560829,
  "v5_conv_0_y_scale": 0.01596357859671116,
  "v5_conv_1_x_scale": 0.01596357859671116,
  "v5_conv_1_y_scale": 0.0235294122248888,
  "v5_conv_2_x_scale": 0.0235294122248888,
  "v5_conv_2_y_scale": 0.05460286885499954,
  "v6_conv_0_x_scale": 0.06156368926167488,
  "v6_conv_0_y_scale": 0.02286422997713089,
  "v6_conv_1_x_scale": 0.02286422997713089,
  "v6_conv_1_y_scale": 0.0235294122248888,
  "v6_conv_2_x_scale": 0.0235294122248888,
  "v6_conv_2_y_scale": 0.036471474915742874,
  "v7_conv_0_x_scale": 0.036471474915742874,
  "v7_conv_0_y_scale": 0.010424504987895489,
  "v7_conv_1_x_scale": 0.010424504987895489,
  "v7_conv_1_y_scale": 0.015518524684011936,
  "v7_conv_2_x_scale": 0.015518524684011936,
  "v7_conv_2_y_scale": 0.03114733099937439,
  "v8_conv_0_x_scale": 0.03723829984664917,
  "v8_conv_0_y_scale": 0.013591287657618523,
  "v8_conv_1_x_scale": 0.013591287657618523,
  "v8_conv_1_y_scale": 0.01973305642604828,
  "v8_conv_2_x_scale": 0.01973305642604828,
  "v8_conv_2_y_scale": 0.034391045570373535,
  "v9_conv_0_x_scale": 0.034391045570373535,
  "v9_conv_0_y_scale": 0.010794004425406456,
  "v9_conv_1_x_scale": 0.010794004425406456,
  "v9_conv_1_y_scale": 0.02227243222296238,
  "v9_conv_2_x_scale": 0.02227243222296238,
  "v9_conv_2_y_scale": 0.027072276920080185,
  "v10_conv_0_x_scale": 0.03910466656088829,
  "v10_conv_0_y_scale": 0.009021816775202751,
  "v10_conv_1_x_scale": 0.009021816775202751,
  "v10_conv_1_y_scale": 0.02233995497226715,
  "v10_conv_2_x_scale": 0.02233995497226715,
  "v10_conv_2_y_scale": 0.0381767563521862,
  "v11_conv_0_x_scale": 0.054952241480350494,
  "v11_conv_0_y_scale": 0.014057974331080914,
  "v11_conv_1_x_scale": 0.014057974331080914,
  "v11_conv_1_y_scale": 0.023355023935437202,
  "v11_conv_2_x_scale": 0.023355023935437202,
  "v11_conv_2_y_scale": 0.027058998122811317,
  "v12_conv_0_x_scale": 0.027058998122811317,
  "v12_conv_0_y_scale": 0.008152029477059841,
  "v12_conv_1_x_scale": 0.008152029477059841,
  "v12_conv_1_y_scale": 0.017226692289114,
  "v12_conv_2_x_scale": 0.017226692289114,
  "v12_conv_2_y_scale": 0.02220197580754757,
  "v13_conv_0_x_scale": 0.03161676228046417,
  "v13_conv_0_y_scale": 0.008704732172191143,
  "v13_conv_1_x_scale": 0.008704732172191143,
  "v13_conv_1_y_scale": 0.0235294122248888,
  "v13_conv_2_x_scale": 0.0235294122248888,
  "v13_conv_2_y_scale": 0.032814495265483856,
  "v14_conv_0_x_scale": 0.044030919671058655,
  "v14_conv_0_y_scale": 0.00903612095862627,
  "v14_conv_1_x_scale": 0.00903612095862627,
  "v14_conv_1_y_scale": 0.022734863683581352,
  "v14_conv_2_x_scale": 0.022734863683581352,
  "v14_conv_2_y_scale": 0.14714308083057404,
  "v15_x_scale": 0.14714308083057404,
  "v15_y_scale": 0.1698031723499298
}
